{
    "model_type": "custom",
    "test_accuracy": 0.5424836874008179,
    "test_loss": 0.692750871181488,
    "test_precision": 0.5424836874008179,
    "test_recall": 0.5424836874008179,
    "roc_auc": 0.5215620713305898,
    "confusion_matrix": [
        [
            76,
            68
        ],
        [
            72,
            90
        ]
    ],
    "classification_report": "              precision    recall  f1-score   support\n\n        fake     0.5135    0.5278    0.5205       144\n        real     0.5696    0.5556    0.5625       162\n\n    accuracy                         0.5425       306\n   macro avg     0.5416    0.5417    0.5415       306\nweighted avg     0.5432    0.5425    0.5428       306\n"
}